no,gpsapp1,gpsapp2,gpsapp3,gpsapp4,gpsapp5,gpsapp6,gpsapp7,gpsapp8,gpsapp9,gpsapp10,gpsapp11,gpsapp12,bleapp1,bleapp2,bleapp3,bleapp4,bleapp5,bleapp6,bleapp7,bleapp8,bleapp9,bleapp10,bleapp11,bleapp12,gpsreal1,gpsreal2,gpsreal3,gpsreal4,gpsreal5,gpsreal6,gpsreal7,gpsreal8,gpsreal9,gpsreal10,gpsreal11,gpsreal12,blereal1,blereal2,blereal3,blereal4,blereal5,blereal6,blereal7,blereal8,blereal9,blereal10,blereal11,blereal12,bleapp2time,bleapp10time,bleapp11time,bleapp12time
1,2,2,2,2,2,4,2,2,5,7,2,1.74,2,2,1.87,1.81,1.78,2,1.95,1.94,1.7,1.87,1.87,1.72,1.3,1.3,1.17,1.5,2.7,1.22,3.2,0.76,2.6,0.53,3.4,2.18,1.3,1.5,2,1.5,1.36,1.22,1.9,0.76,2.4,0.53,1.2,1.2,0.78,1.34,1.70,2.36
2,2,2,1.73,5,2,1.78,13,17,7.6,7,2,1.71,1.48,1.47,1.68,1.72,1.77,1.42,1.97,1.89,1.73,1.55,1.74,1.85,1.4,0.96,0.85,1.44,2.45,1.9,0.68,1.4,2.7,0.8,2.4,2.7,1.4,0.96,0.85,1.44,1.34,1.15,0.68,1.4,2.3,0.8,1.48,1.67,1.27,1.83,2.19,2.85
3,1.97,1.35,1.8,1.92,1.64,1.85,1.71,16.4,1.81,9,1.53,1.46,1.59,1.99,1.64,1.89,1.97,1.66,1.61,1.97,1.3,1.66,1.89,1.87,2.4,2.26,3.47,2.7,2.16,2.3,1.94,1.5,3.83,1.29,2.67,1.3,1.7,1.5,1.57,1.74,1.29,1.3,0.8,1.5,1.17,1.29,1.21,1.53,1.03,2.38,0.96,3.78
4,2.26,1.58,1.52,1.75,1.93,1.94,20.53,22,1.31,16.23,1.69,1.54,1.85,1.98,1.99,1.94,1.99,1.56,1.54,1.67,1.72,1.32,1.97,1.83,1.32,1.94,1.35,2.4,2.4,1.14,0.7,1,3.6,0.4,4.87,0.21,1.32,1.7,1.4,1.59,1.58,1.78,0.7,1,1.4,0.4,1.57,1.2,0.96,1.55,2.83,2.05
5,1.75,1.57,1.46,1.84,1.77,1.46,1.65,6,1.95,11.36,1.82,1.15,1.88,1.8,1.91,1.75,1.93,1.86,1.93,1.72,1.62,1.3,1.73,1.44,1.14,1.05,4.3,2,2.97,1.63,2.44,0.93,3.67,0.42,4.6,0.2,0.61,1.3,1.24,1.5,1.3,1.5,0.67,0.93,1.33,0.42,1.23,1.5,0.68,1.76,2.23,3.78
6,1.38,1.54,1.96,4.54,1.78,1.97,10,1.78,6.71,10.48,1.54,1.89,1.73,1.66,1.85,1.81,1.58,1.74,1.84,1.92,1.44,1.73,1.43,1.77,0.5,2.18,3.04,1.3,1.15,6.06,2.2,2,3.81,0.8,3.2,0.6,1.2,1.2,1.85,1.3,1.35,1.45,2.2,2.12,1.19,0.8,1.4,1.4,1,0.5,2,1.1
7,5.22,4.87,1.71,9.02,5.5,1.88,1.74,16,1.8,1.97,1.9,1.84,1.99,1.9,1.96,1.59,1.59,1.71,1.9,1.66,1.62,1.98,1.9,1.58,1.17,0.97,2.4,1.03,1.45,1.8,7.3,2.75,3.7,0.5,2.25,0.3,1.17,0.97,0.89,1.03,1.45,1.47,2.1,2.75,1.3,0.5,1.35,1.2,0.5,1,1.7,1.5
8,1.47,1.67,0.82,1.84,1.41,1.85,33.13,16.79,8.03,14.6,1.88,1.87,1.29,1.83,1.97,1.95,1.92,1.54,1.76,1.92,2,1.44,1.71,1.88,2.1,3.5,2.94,3.3,2.04,1.15,0.75,1.1,1.14,0.75,1.62,9.07,0.93,0.78,1,1.94,1.07,1.15,0.75,1.1,1.14,0.75,1.87,1.63,1.16,1.25,1.5,3.1
9,2.25625,1.94,1.62,1.83,1.16,0.69,20.75,23.37,1.83,1.9,1.54,1.78,1.72625,1.83,1.86,1.95,1.69,1.86,2,1.83,1.9,1.89,1.79,1.52,1.41625,1.68,5.33,1.48,2.14,1.3,0.78,1.08,5.7,0.42,4.8,0.1,1.20375,0.98,1.47,1.82,2.14,1.81,0.78,1.08,2.13,0.42,2.37,1.47,1.2,2,1.75,2.3